{"cameraMode":{"drawMode":0,"name":"Shaded","section":"Shading Mode"},"sceneLighting":true,"audioPlay":false,"sceneViewState":{"showFog":true,"showMaterialUpdate":false,"showSkybox":true,"showFlares":true,"showImageEffects":true,"showParticleSystems":true},"in2DMode":false,"pivot":{"x":-26.001468658447267,"y":-42.14730453491211,"z":6.516647815704346},"rotation":{"x":-0.1866130381822586,"y":0.7856423258781433,"z":-0.5173255801200867,"w":-0.2834027409553528},"size":58.24796676635742,"orthographic":false}