{"cameraMode":{"drawMode":0,"name":"Shaded","section":"Shading Mode"},"sceneLighting":true,"audioPlay":false,"sceneViewState":{"showFog":true,"showMaterialUpdate":false,"showSkybox":false,"showFlares":true,"showImageEffects":true,"showParticleSystems":true},"in2DMode":false,"pivot":{"x":345.75,"y":211.23146057128907,"z":7.799999237060547},"rotation":{"x":-0.013520551845431328,"y":0.9451197981834412,"z":-0.32405415177345278,"w":-0.039433468133211139},"size":447.1993713378906,"orthographic":false}