{"cameraMode":{"drawMode":0,"name":"Shaded","section":"Shading Mode"},"sceneLighting":true,"audioPlay":false,"sceneViewState":{"showFog":true,"showMaterialUpdate":false,"showSkybox":true,"showFlares":true,"showImageEffects":true,"showParticleSystems":true},"in2DMode":false,"pivot":{"x":-1.2833213806152344,"y":11.163864135742188,"z":19.09222984313965},"rotation":{"x":-0.3497677147388458,"y":-0.6358095407485962,"z":0.39447692036628725,"w":-0.5637428164482117},"size":13.117084503173829,"orthographic":false}