{"cameraMode":{"drawMode":0,"name":"Shaded","section":"Shading Mode"},"sceneLighting":true,"audioPlay":false,"sceneViewState":{"showFog":true,"showMaterialUpdate":false,"showSkybox":true,"showFlares":true,"showImageEffects":true,"showParticleSystems":true},"in2DMode":false,"pivot":{"x":3.8045384883880617,"y":-15.474580764770508,"z":1.7256419658660889},"rotation":{"x":-0.0738329291343689,"y":0.9157295823097229,"z":-0.3418734669685364,"w":-0.1977662444114685},"size":32.03139114379883,"orthographic":false}