{"cameraMode":{"drawMode":0,"name":"Shaded","section":"Shading Mode"},"sceneLighting":true,"audioPlay":false,"sceneViewState":{"showFog":true,"showMaterialUpdate":false,"showSkybox":true,"showFlares":true,"showImageEffects":true,"showParticleSystems":true},"in2DMode":false,"pivot":{"x":-8.748512268066407,"y":1.8803480863571168,"z":22.063241958618165},"rotation":{"x":0.1255049854516983,"y":0.17317330837249757,"z":-0.0222538560628891,"w":0.9766168594360352},"size":2.7318546772003176,"orthographic":false}