{"cameraMode":{"drawMode":0,"name":"Shaded","section":"Shading Mode"},"sceneLighting":true,"audioPlay":false,"sceneViewState":{"showFog":true,"showMaterialUpdate":false,"showSkybox":true,"showFlares":true,"showImageEffects":true,"showParticleSystems":true},"in2DMode":false,"pivot":{"x":10.9982271194458,"y":15.372566223144532,"z":5.0116376876831059},"rotation":{"x":0.6558688282966614,"y":0.050823744386434558,"z":-0.04433685913681984,"w":0.751868486404419},"size":69.91944122314453,"orthographic":false}