{"cameraMode":{"drawMode":0,"name":"Shaded","section":"Shading Mode"},"sceneLighting":true,"audioPlay":false,"sceneViewState":{"showFog":true,"showMaterialUpdate":false,"showSkybox":false,"showFlares":true,"showImageEffects":true,"showParticleSystems":true},"in2DMode":false,"pivot":{"x":449.75,"y":215.23146057128907,"z":7.799999237060547},"rotation":{"x":0.03738902136683464,"y":-0.9361308813095093,"z":0.3335786461830139,"w":0.10491323471069336},"size":383.4532165527344,"orthographic":false}