{
    "name": "root",
    "gauges": {
        "Driver1.Policy.Entropy.mean": {
            "value": 1.4262783527374268,
            "min": 1.4193472862243652,
            "max": 1.4296311140060425,
            "count": 10
        },
        "Driver1.Policy.Entropy.sum": {
            "value": 71355.28125,
            "min": 71012.8203125,
            "max": 71506.015625,
            "count": 10
        },
        "Driver1.Policy.ExtrinsicValueEstimate.mean": {
            "value": 0.1744338423013687,
            "min": 0.014587298966944218,
            "max": 0.1744338423013687,
            "count": 10
        },
        "Driver1.Policy.ExtrinsicValueEstimate.sum": {
            "value": 138.32603454589844,
            "min": 11.553140640258789,
            "max": 138.32603454589844,
            "count": 10
        },
        "Driver1.Environment.EpisodeLength.mean": {
            "value": 2022.2083333333333,
            "min": 653.1298701298701,
            "max": 3091.875,
            "count": 10
        },
        "Driver1.Environment.EpisodeLength.sum": {
            "value": 48533.0,
            "min": 46943.0,
            "max": 51291.0,
            "count": 10
        },
        "Driver1.Environment.CumulativeReward.mean": {
            "value": 2.5208333333333335,
            "min": 0.19047619047619047,
            "max": 4.75,
            "count": 10
        },
        "Driver1.Environment.CumulativeReward.sum": {
            "value": 60.5,
            "min": 4.0,
            "max": 79.0,
            "count": 10
        },
        "Driver1.Policy.ExtrinsicReward.mean": {
            "value": 2.5208333333333335,
            "min": 0.19047619047619047,
            "max": 4.75,
            "count": 10
        },
        "Driver1.Policy.ExtrinsicReward.sum": {
            "value": 60.5,
            "min": 4.0,
            "max": 79.0,
            "count": 10
        },
        "Driver1.Losses.PolicyLoss.mean": {
            "value": 0.025190687920742978,
            "min": 0.01898885271511972,
            "max": 0.026228664433583616,
            "count": 10
        },
        "Driver1.Losses.PolicyLoss.sum": {
            "value": 0.12595343960371488,
            "min": 0.07731300792656838,
            "max": 0.13114332216791807,
            "count": 10
        },
        "Driver1.Losses.ValueLoss.mean": {
            "value": 0.010917296200059354,
            "min": 0.0031776954242862606,
            "max": 0.018980236736436687,
            "count": 10
        },
        "Driver1.Losses.ValueLoss.sum": {
            "value": 0.054586481000296776,
            "min": 0.012710781697145042,
            "max": 0.09490118368218343,
            "count": 10
        },
        "Driver1.Policy.LearningRate.mean": {
            "value": 1.649385450208e-05,
            "min": 1.649385450208e-05,
            "max": 0.0002846124051292,
            "count": 10
        },
        "Driver1.Policy.LearningRate.sum": {
            "value": 8.246927251040001e-05,
            "min": 8.246927251040001e-05,
            "max": 0.0012845604718132002,
            "count": 10
        },
        "Driver1.Policy.Epsilon.mean": {
            "value": 0.10549792,
            "min": 0.10549792,
            "max": 0.19487080000000004,
            "count": 10
        },
        "Driver1.Policy.Epsilon.sum": {
            "value": 0.5274896,
            "min": 0.5000706000000001,
            "max": 0.9281868000000001,
            "count": 10
        },
        "Driver1.Policy.Beta.mean": {
            "value": 0.00028434620800000014,
            "min": 0.00028434620800000014,
            "max": 0.00474405292,
            "count": 10
        },
        "Driver1.Policy.Beta.sum": {
            "value": 0.0014217310400000006,
            "min": 0.0014217310400000006,
            "max": 0.02141652132,
            "count": 10
        },
        "Driver1.IsTraining.mean": {
            "value": 1.0,
            "min": 1.0,
            "max": 1.0,
            "count": 10
        },
        "Driver1.IsTraining.sum": {
            "value": 1.0,
            "min": 1.0,
            "max": 1.0,
            "count": 10
        }
    },
    "metadata": {
        "timer_format_version": "0.1.0",
        "start_time_seconds": "1617972459",
        "python_version": "3.7.10 (default, Feb 26 2021, 13:06:18) [MSC v.1916 64 bit (AMD64)]",
        "command_line_arguments": "C:\\Users\\Kaiose\\.conda\\envs\\unity_env\\Scripts\\mlagents-learn --force",
        "mlagents_version": "0.24.1",
        "mlagents_envs_version": "0.24.1",
        "communication_protocol_version": "1.4.0",
        "pytorch_version": "1.7.1+cu110",
        "numpy_version": "1.20.1",
        "end_time_seconds": "1617976561"
    },
    "total": 4102.4727322,
    "count": 1,
    "self": 0.03539270000055694,
    "children": {
        "run_training.setup": {
            "total": 0.06641839999999988,
            "count": 1,
            "self": 0.06641839999999988
        },
        "TrainerController.start_learning": {
            "total": 4102.3709211,
            "count": 1,
            "self": 12.260458700091021,
            "children": {
                "TrainerController._reset_env": {
                    "total": 8.3075207,
                    "count": 1,
                    "self": 8.3075207
                },
                "TrainerController.advance": {
                    "total": 4081.625801999908,
                    "count": 500058,
                    "self": 6.7475861997190805,
                    "children": {
                        "env_step": {
                            "total": 4074.878215800189,
                            "count": 500058,
                            "self": 3069.404096800047,
                            "children": {
                                "SubprocessEnvManager._take_step": {
                                    "total": 998.9924620999245,
                                    "count": 500058,
                                    "self": 32.05108770004438,
                                    "children": {
                                        "TorchPolicy.evaluate": {
                                            "total": 966.9413743998801,
                                            "count": 500058,
                                            "self": 434.3658092999034,
                                            "children": {
                                                "TorchPolicy.sample_actions": {
                                                    "total": 532.5755650999768,
                                                    "count": 500058,
                                                    "self": 532.5755650999768
                                                }
                                            }
                                        }
                                    }
                                },
                                "workers": {
                                    "total": 6.481656900217677,
                                    "count": 500058,
                                    "self": 0.0,
                                    "children": {
                                        "worker_root": {
                                            "total": 4082.66730939994,
                                            "count": 500058,
                                            "is_parallel": true,
                                            "self": 1495.9704154999863,
                                            "children": {
                                                "steps_from_proto": {
                                                    "total": 0.002798700000000487,
                                                    "count": 1,
                                                    "is_parallel": true,
                                                    "self": 0.0002913000000006605,