{
    "name": "root",
    "gauges": {
        "Driver1.Policy.Entropy.mean": {
            "value": 1.417722225189209,
            "min": 1.417722225189209,
            "max": 1.419543743133545,
            "count": 2
        },
        "Driver1.Policy.Entropy.sum": {
            "value": 70849.25,
            "min": 70849.25,
            "max": 71029.7109375,
            "count": 2
        },
        "Driver1.Policy.ExtrinsicValueEstimate.mean": {
            "value": -0.5210158228874207,
            "min": -0.5210158228874207,
            "max": -0.3654109835624695,
            "count": 2
        },
        "Driver1.Policy.ExtrinsicValueEstimate.sum": {
            "value": -410.56048583984375,
            "min": -410.56048583984375,
            "max": -287.94384765625,
            "count": 2
        },
        "Driver1.Environment.EpisodeLength.mean": {
            "value": 3518.285714285714,
            "min": 3330.5333333333333,
            "max": 3518.285714285714,
            "count": 2
        },
        "Driver1.Environment.EpisodeLength.sum": {
            "value": 49256.0,
            "min": 49256.0,
            "max": 49958.0,
            "count": 2
        },
        "Driver1.Environment.CumulativeReward.mean": {
            "value": -121.32142857142857,
            "min": -121.32142857142857,
            "max": -98.56666666666666,
            "count": 2
        },
        "Driver1.Environment.CumulativeReward.sum": {
            "value": -1698.5,
            "min": -1698.5,
            "max": -1478.5,
            "count": 2
        },
        "Driver1.Policy.ExtrinsicReward.mean": {
            "value": -121.32142857142857,
            "min": -121.32142857142857,
            "max": -98.56666666666666,
            "count": 2
        },
        "Driver1.Policy.ExtrinsicReward.sum": {
            "value": -1698.5,
            "min": -1698.5,
            "max": -1478.5,
            "count": 2
        },
        "Driver1.Losses.PolicyLoss.mean": {
            "value": 0.023280473065872987,
            "min": 0.023280473065872987,
            "max": 0.023558888956904413,
            "count": 2
        },
        "Driver1.Losses.PolicyLoss.sum": {
            "value": 0.11640236532936493,
            "min": 0.09423555582761765,
            "max": 0.11640236532936493,
            "count": 2
        },
        "Driver1.Losses.ValueLoss.mean": {
            "value": 2.5946608927069854,
            "min": 1.3569480684239048,
            "max": 2.5946608927069854,
            "count": 2
        },
        "Driver1.Losses.ValueLoss.sum": {
            "value": 12.973304463534927,
            "min": 5.427792273695619,
            "max": 12.973304463534927,
            "count": 2
        },
        "Driver1.Policy.LearningRate.mean": {
            "value": 0.00025687333437556,
            "min": 0.00025687333437556,
            "max": 0.0002846089551303499,
            "count": 2
        },
        "Driver1.Policy.LearningRate.sum": {
            "value": 0.0012843666718777998,
            "min": 0.0011384358205213997,
            "max": 0.0012843666718777998,
            "count": 2
        },
        "Driver1.Policy.Epsilon.mean": {
            "value": 0.18562444,
            "min": 0.18562444,
            "max": 0.19486965,
            "count": 2
        },
        "Driver1.Policy.Epsilon.sum": {
            "value": 0.9281222,
            "min": 0.7794786,
            "max": 0.9281222,
            "count": 2
        },
        "Driver1.Policy.Beta.mean": {
            "value": 0.004282659556000001,
            "min": 0.004282659556000001,
            "max": 0.004743995535,
            "count": 2
        },
        "Driver1.Policy.Beta.sum": {
            "value": 0.021413297780000003,
            "min": 0.01897598214,
            "max": 0.021413297780000003,
            "count": 2
        },
        "Driver1.IsTraining.mean": {
            "value": 1.0,
            "min": 1.0,
            "max": 1.0,
            "count": 2
        },
        "Driver1.IsTraining.sum": {
            "value": 1.0,
            "min": 1.0,
            "max": 1.0,
            "count": 2
        }
    },
    "metadata": {
        "timer_format_version": "0.1.0",
        "start_time_seconds": "1617957686",
        "python_version": "3.7.10 (default, Feb 26 2021, 13:06:18) [MSC v.1916 64 bit (AMD64)]",
        "command_line_arguments": "C:\\Users\\Kaiose\\.conda\\envs\\unity_env\\Scripts\\mlagents-learn --run-id=Driver1 --force",
        "mlagents_version": "0.24.1",
        "mlagents_envs_version": "0.24.1",
        "communication_protocol_version": "1.4.0",
        "pytorch_version": "1.7.1+cu110",
        "numpy_version": "1.20.1",
        "end_time_seconds": "1617958723"
    },
    "total": 1037.4410497,
    "count": 1,
    "self": 0.0029728999998042127,
    "children": {
        "run_training.setup": {
            "total": 0.1281295,
            "count": 1,
            "self": 0.1281295
        },
        "TrainerController.start_learning": {
            "total": 1037.3099473,
            "count": 1,
            "self": 2.9321465999928478,
            "children": {
                "TrainerController._reset_env": {
                    "total": 5.9903604,
                    "count": 1,
                    "self": 5.9903604
                },
                "TrainerController.advance": {
                    "total": 1028.274132400007,
                    "count": 127184,
                    "self": 1.5746135999772832,
                    "children": {
                        "env_step": {
                            "total": 1026.6995188000296,
                            "count": 127184,
                            "self": 788.1114525000376,
                            "children": {
                                "SubprocessEnvManager._take_step": {
                                    "total": 237.04061210000467,
                                    "count": 127184,
                                    "self": 7.585094000002414,
                                    "children": {
                                        "TorchPolicy.evaluate": {
                                            "total": 229.45551810000225,
                                            "count": 127184,
                                            "self": 100.83454050001163,
                                            "children": {
                                                "TorchPolicy.sample_actions": {
                                                    "total": 128.62097759999062,
                                                    "count": 127184,
                                                    "self": 128.62097759999062
                                                }
                                            }
                                        }
                                    }
                                },
                                "workers": {
                                    "total": 1.5474541999874578,
                                    "count": 127183,
                                    "self": 0.0,
                                    "children": {
                                        "worker_root": {
                                            "total": 1029.4489690000169,
                                            "count": 127183,
                                            "is_parallel": true,
                                            "self": 352.6075936000233,
                                            "children": {
                                                "steps_from_proto": {
                                                    "total": 0.00030009999999958126,
                                                    "count": 1,
                                                    "is_parallel": true,
                                                    "self": 0.00015280000000039706,