{"count":1,"self":91.9826496,"total":95.4878584,"children":{"InitializeActuators":{"count":1,"self":0.0019998999999999998,"total":0.0019998999999999998,"children":null},"InitializeSensors":{"count":1,"self":0.0019997,"total":0.0019997,"children":null},"AgentSendState":{"count":4558,"self":0.085265399999999991,"total":1.967504,"children":{"CollectObservations":{"count":4558,"self":0.0089917,"total":0.0089917,"children":null},"WriteActionMask":{"count":4558,"self":0.011001499999999999,"total":0.011001499999999999,"children":null},"RequestDecision":{"count":4558,"self":1.6595601999999998,"total":1.8622454,"children":{"RayPerceptionSensor.Perceive":{"count":4558,"self":0.20268519999999998,"total":0.20268519999999998,"children":null}}}}},"DecideAction":{"count":4558,"self":1.5142255999999998,"total":1.5142255999999998,"children":null},"AgentAct":{"count":4558,"self":0.0184806,"total":0.0184806,"children":null}},"gauges":{},"metadata":{"timer_format_version":"0.1.0","start_time_seconds":"1616784422","unity_version":"2019.3.13f1","command_line_arguments":"D:\\Unity3D\\2019.3.13f1\\Editor\\Unity.exe -projectpath D:\/Unity3D\/2019.3.13f1\/Projects\/Major Project\/Reinforcement-Learning-Game-Sim\/unity\/Model -useHub -hubIPC -cloudEnvironment production -hubSessionId 32ee0be0-8e63-11eb-b3fd-ad5cd5ebde1e","communication_protocol_version":"1.4.0","com.unity.ml-agents_version":"1.8.1-preview","scene_name":"Model","end_time_seconds":"1616784517"}}