{"count":1,"self":70.8040128,"total":72.33478199999999,"children":{"InitializeActuators":{"count":1,"self":0.0030015999999999997,"total":0.0030015999999999997,"children":null},"InitializeSensors":{"count":1,"self":0.0020001999999999997,"total":0.0020001999999999997,"children":null},"AgentSendState":{"count":1402,"self":0.0250768,"total":0.8984063,"children":{"CollectObservations":{"count":1402,"self":0.0059854999999999995,"total":0.0059854999999999995,"children":null},"WriteActionMask":{"count":1402,"self":0.0049993,"total":0.0049993,"children":null},"RequestDecision":{"count":1402,"self":0.7829343,"total":0.8623447,"children":{"RayPerceptionSensor.Perceive":{"count":1402,"self":0.079410399999999992,"total":0.079410399999999992,"children":null}}}}},"DecideAction":{"count":1402,"self":0.61736119999999994,"total":0.61736119999999994,"children":null},"AgentAct":{"count":1402,"self":0.0080033999999999991,"total":0.0080033999999999991,"children":null}},"gauges":{},"metadata":{"timer_format_version":"0.1.0","start_time_seconds":"1616229459","unity_version":"2019.3.13f1","command_line_arguments":"C:\\Program Files\\Unity\\Hub\\Editor\\2019.3.13f1\\Editor\\Unity.exe -projectpath D:\/new\/CarTest -useHub -hubIPC -cloudEnvironment production -hubSessionId 5ad5daa0-8947-11eb-a579-8526e1f69eb4","communication_protocol_version":"1.4.0","com.unity.ml-agents_version":"1.8.1-preview","scene_name":"Model","end_time_seconds":"1616229531"}}