{"count":1,"self":3437.1866624,"total":9187.2254617,"children":{"InitializeActuators":{"count":1,"self":0.0020004,"total":0.0020004,"children":null},"InitializeSensors":{"count":1,"self":0.0019998999999999998,"total":0.0019998999999999998,"children":null},"AgentSendState":{"count":1533217,"self":20.5235104,"total":138.1520984,"children":{"CollectObservations":{"count":1533217,"self":3.013473,"total":3.013473,"children":null},"WriteActionMask":{"count":1533217,"self":3.8446423999999997,"total":3.8446426,"children":null},"RequestDecision":{"count":1533217,"self":12.476951999999999,"total":110.7704732,"children":{"AgentInfo.ToProto":{"count":1533217,"self":9.6764903999999987,"total":98.293521599999991,"children":{"GenerateSensorData":{"count":1533217,"self":28.5212896,"total":88.6170314,"children":{"RayPerceptionSensor.Perceive":{"count":1533217,"self":60.095743999999996,"total":60.095741499999995,"children":null}}}}}}}}},"DecideAction":{"count":1533217,"self":5553.8864128,"total":5553.8862393,"children":null},"AgentAct":{"count":1533217,"self":57.8224576,"total":57.8284629,"children":{"AgentInfo.ToProto":{"count":50,"self":0,"total":0.006004,"children":{"GenerateSensorData":{"count":50,"self":0.0030011,"total":0.006004,"children":{"RayPerceptionSensor.Perceive":{"count":50,"self":0.0030028999999999998,"total":0.0030028999999999998,"children":null}}}}}}},"AgentInfo.ToProto":{"count":2553,"self":0.0179993,"total":0.1679957,"children":{"GenerateSensorData":{"count":2553,"self":0.0569999,"total":0.1499964,"children":{"RayPerceptionSensor.Perceive":{"count":2553,"self":0.0929965,"total":0.0929965,"children":null}}}}}},"gauges":{"Driver1.CumulativeReward":{"count":2603,"max":7.5,"min":-1,"runningAverage":-0.0491843335,"value":0,"weightedAverage":-0.0840537}},"metadata":{"timer_format_version":"0.1.0","start_time_seconds":"1618007494","unity_version":"2019.3.13f1","command_line_arguments":"D:\\Unity3D\\2019.3.13f1\\Editor\\Unity.exe -projectpath D:\/Unity3D\/2019.3.13f1\/Projects\/Major Project\/Reinforcement-Learning-Game-Sim\/unity\/Model -useHub -hubIPC -cloudEnvironment production -hubSessionId a8d579b0-9953-11eb-b345-0f9a802fa297","communication_protocol_version":"1.4.0","com.unity.ml-agents_version":"1.8.1-preview","scene_name":"Model","end_time_seconds":"1618016681"}}