{"cameraMode":{"drawMode":0,"name":"Shaded","section":"Shading Mode"},"sceneLighting":true,"audioPlay":false,"sceneViewState":{"showFog":true,"showMaterialUpdate":false,"showSkybox":true,"showFlares":true,"showImageEffects":true,"showParticleSystems":true},"in2DMode":false,"pivot":{"x":4.843313694000244,"y":-8.785780906677246,"z":1.3350883722305298},"rotation":{"x":0.41642364859580996,"y":0.23413163423538209,"z":-0.1118914857506752,"w":0.8713662028312683},"size":10.870950698852539,"orthographic":false}